"3J7Z", 
"3JBU", 
"3JBV", 
"3JCD", 
"3JCE", 
"4U1U", 
"4U1V", 
"4U20", 
"4U24", 
"4U25", 
"4U26", 
"4U27", 
"4WF1", 
"4WOI", 
"4WWW", 
"4Y4O", 
"4YBB", 
"5CZP", 
"5DFE", 
"5FDU", 
"5FDV", 
"5GAG", 
"5H5U", 
"5IQR", 
"5IT8", 
"5J4D", 
"5J5B", 
"5J7L", 
"5J88", 
"5J8A", 
"5J91", 
"5JC9", 
"5JU8", 
"5KCR", 
"5KCS", 
"5KPS", 
"5KPW", 
"5KPX", 
"5L3P", 
"5MDY", 
"5NP6", 
"5NWY", 
"5O2R", 
"5U4I", 
"5U9F", 
"5U9G", 
"5UYK", 
"5UYL", 
"5UYM", 
"5UYP", 
"5UYQ", 
"5WFK", 
"6BU8", 
"6BY1", 
"6CFK", 
"6FKR", 
"6GBZ", 
"6GC8", 
"6OFX", 
"6OG7", 
"6SZS", 
"6WD6", 
"6WDF", 
"6WDG", 
"6WDJ", 
"6WDL", 
"6XZ7", 
"6XZA", 
"6XZB", 
"6Y69", 
"7BV8", 
"7JSS", 
"7JSW", 
"7JSZ", 
"7JT1", 
"7JT2", 
"7JT3"